item,qty,spec,supplier,unit_cost_usd,make_buy,notes
1 Posts with knee braces,4,"80 x 80 x 3 mm hot-dip galvanized steel square hollow section: two front posts 2.90 m and two rear posts 2.61 m; one knee brace each from 32 mm galvanized tube, 0.58 m, both ends flattened and bent 45 degrees; bolted, no welding",Local steel stockist,30.00,buy,Indicative price per post with brace; brace ends flattened in a vice (CSH-DDR-003)
2 Roof frame,1,"50 x 50 x 2 mm galvanized SHS: two 3.00 m long beams, two 2.32 m end beams and a 1.02 m panel bearer; two 40 x 40 x 2 mm purlins 2.32 m; 8 head cleats (46 mm) and 10 frame cleats (30 or 40 mm) cut from 50 x 50 x 5 mm angle; 36 M8 and 20 M5 steel rivet nuts; plastic end caps; about 7 degree mono-pitch",Local steel stockist,85.00,buy,"Indicative price; cleats, bearer and rivet nuts added for construction (CSH-DDR-003)"
3 Shade fabric,1,"Knitted HDPE shade cloth, about 90 % UV block, 3.0 x 2.4 m with a 1.02 x 0.665 m notch at the rear centre for the solar panel; reinforced hem and eyelets all round, including the notch; laced over the frame with cord",Shade sail or agricultural supplier,48.00,buy,"Indicative price, made to size; removable, fitted only in forecast gusts below 15 m/s (CSH-DDR-002); notch added (CSH-DDR-003)"
4 Base plates and anchors,4,"Per post: 220 x 220 x 10 mm steel base plate and two base cleats of 75 x 75 x 6 mm galvanized angle, 220 mm long, with four M16 expansion or chemical anchors through cleats and plate into an existing concrete slab",Local fabricator and hardware shop,16.00,make,Indicative price per set; base cleats added (CSH-DDR-003); footing adequacy to be checked at each site
5 Solar panel,1,"100 W monocrystalline, about 1,000 x 670 x 35 mm, Vmp about 18 V; mounting kit of two aluminium rails 0.77 m, four L-feet and four end clamps",Regional solar distributor,80.00,buy,Indicative price; rails stand on L-feet on the panel bearer and the rear beam (CSH-DDR-003)
6 LiFePO4 battery,1,"12.8 V 25 Ah (about 320 Wh) with built-in BMS and low-temperature charge cutoff, fused at the terminal",Battery distributor,100.00,buy,Indicative price; inside item 8; 25 Ah instead of 20 Ah for energy margin (CSH-DDR-002)
7 MPPT charge controller,1,"12 V, 10 A MPPT with LiFePO4 profile and load output",Solar distributor,25.00,buy,Indicative price; inside item 8
8 Controller and enclosure,1,"Lockable IP65 steel or polycarbonate enclosure about 420 x 320 x 160 mm with moulded mounting holes outside the gasket and internal bosses for a gear plate; microcontroller board, MOSFET pump driver, valve driver, blade fuses, tamper-proof screws, three M20 cable glands; two battery hold-down straps; two 40 x 6 mm steel rails 340 mm long",Electronics distributor,38.00,buy,Indicative price; rails added (CSH-DDR-003); firmware not started (TRL 4 scope)
9 Sensor head,1,"Digital temperature and humidity sensor (SHT4x class) in a multi-plate radiation shield with a top mounting plate, with an I2C bus extender pair for its 7 m cable, on a 375 mm arm of 40 x 40 x 4 mm galvanized angle; passive infrared presence sensor with a small bracket under the front beam; no camera or microphone",Electronics distributor,38.00,buy,Indicative price; arm made from angle and I2C extender added (CSH-DDR-003)
10 Misting pump,1,"12 V DC diaphragm pump, about 7 bar (100 psi) with pressure switch, about 60 W, in a small vented box; mounted with the filter and drain valve on a 320 x 630 x 3 mm galvanized steel equipment plate bolted to the rear left post",Misting or RV pump supplier,61.00,buy,Indicative price; equipment plate added (CSH-DDR-003)
11 Filter and check valve,1,"5 um sediment cartridge filter in a clear housing, inlet strainer and check valve",Plumbing supplier,20.00,buy,Indicative price
12 Mist line and nozzles,1,"About 12 m of 9.5 mm (3/8 in) nylon or stainless misting line (6.5 mm bore) laid as a closed loop 70 mm inboard of the long beams and under the end beams, with slip-lok tees and elbows; 8 brass low-pressure nozzles with anti-drip check valves, about 0.4 mm orifice; 18 hanger clips",Misting supplier,50.00,buy,Indicative price; loop length from cad/src/model.py; nozzle flow to confirm from the maker's data (CSH-CAL-001)
13 Water tank,1,"120 L opaque, food-grade polyethylene, lockable lid, bottom outlet; low-level float switch with 9 m cable; ratchet strap round the tank and the rear left post; two stop cleats of 50 x 50 x 5 mm angle, each with an M10 anchor to the slab; optional float valve for a mains connection with a backflow preventer",Local plastics or farm supplier,72.00,buy,"Indicative price; strap because an empty tank can tip in a 30 m/s gust (CSH-CAL-001); mains connection optional and subject to local water rules; level switch added, needed for R6 (CSH-DDR-003)"
14 Drain valve and vacuum breaker,1,"12 V normally open solenoid drain valve (about 3 mm orifice) at the bottom of the down pipe, opens when the pump stops; air admittance valve (vacuum breaker) on a tee in the front run, the highest part of the mist line loop, so the line can drain past the anti-drip nozzles",Irrigation supplier,23.00,buy,Indicative price; vacuum breaker added at TRL 3 (CSH-CAL-001)
15 Hose and wiring harness,1,"Pump suction and delivery hose, UV-stable outdoor cable run inside the posts and beams, rubber grommets, cable glands",Hardware and electrical shop,20.00,buy,Indicative price
16 Hardware and consumables,1,"Fixings, galvanized or stainless: 8 M12 x 110 and 8 M10 x 100 through bolts with nyloc nuts; 36 M8 x 16 bolts into rivet nuts; 4 M10 countersunk bolts (enclosure rails); 3 M8 bolts (sensor arm); 2 M10 bolts (equipment plate); M6 and M5 screws; washers; lacing cord, cable ties, thread sealant, zinc-rich touch-up paint",Local hardware shop,38.00,buy,Indicative price; no exploded-view callout
